{
  "tbody": {
    "tr": [
      {
        "th": {
          "span": "Чт"
        },
        "td": [
          {
            "span": "11:40-13:10",
            "div": "2, 4, 6, 8, 10, 12, 14, 16",
            "dd": {
              "text": "2306/2 (бывш. 305) ауд."
            },
            "dt": {
              "span": "Кронверкский пр., д.49, лит.А"
            }
          },
          {
            "dl": {
              "dd": "2306/2 (бывш. 305) ауд.",
              "dt": {
                "span": "Кронверкский пр., д.49, лит.А"
              }
            }
          },
          {
            "dl": {
              "dd": "Информатика(Лаб)",
              "dt": {
                "b": "Малышева Татьяна Алексеевна"
              },
              "text": "четная неделя"
            }
          },
          {
            "text": "Очно - дистанционный"
          }
        ]
      },
      {
        "td": [
          {
            "span": "13:30-15:00",
            "div": "2, 4, 6, 8, 10, 12, 14, 16",
            "dd": {
              "text": "2306/2 (бывш. 305) ауд."
            },
            "dt": {
              "span": "Кронверкский пр., д.49, лит.А"
            }
          },
          {
            "dl": {
              "dd": "2306/2 (бывш. 305) ауд.",
              "dt": {
                "span": "Кронверкский пр., д.49, лит.А"
              }
            }
          },
          {
            "dl": {
              "dd": "Информатика(Лаб)",
              "dt": {
                "b": "Малышева Татьяна Алексеевна"
              },
              "text": "четная неделя"
            }
          },
          {
            "text": "Очно - дистанционный"
          }
        ]
      }
    ]
  }
}
