<tbody>
  <tr>
    <td>
      <dd>
        <text>2306/2 (бывш. 305) ауд.</text>
      </dd>
      <div>2, 4, 6, 8, 10, 12, 14, 16</div>
      <dt>
        <span>Кронверкский пр., д.49, лит.А</span>
      </dt>
      <span>11:40-13:10</span>
    </td>
    <td>
      <dl>
        <dd>2306/2 (бывш. 305) ауд.</dd>
        <dt>
          <span>Кронверкский пр., д.49, лит.А</span>
        </dt>
      </dl>
    </td>
    <td>
      <dl>
        <dd>Информатика(Лаб)</dd>
        <dt>
          <b>Малышева Татьяна Алексеевна</b>
        </dt>
        <text>четная неделя</text>
      </dl>
    </td>
    <td>
      <text>Очно - дистанционный</text>
    </td>
    <th>
      <span>Чт</span>
    </th>
  </tr>
  <tr>
    <td>
      <dd>
        <text>2306/2 (бывш. 305) ауд.</text>
      </dd>
      <div>2, 4, 6, 8, 10, 12, 14, 16</div>
      <dt>
        <span>Кронверкский пр., д.49, лит.А</span>
      </dt>
      <span>13:30-15:00</span>
    </td>
    <td>
      <dl>
        <dd>2306/2 (бывш. 305) ауд.</dd>
        <dt>
          <span>Кронверкский пр., д.49, лит.А</span>
        </dt>
      </dl>
    </td>
    <td>
      <dl>
        <dd>Информатика(Лаб)</dd>
        <dt>
          <b>Малышева Татьяна Алексеевна</b>
        </dt>
        <text>четная неделя</text>
      </dl>
    </td>
    <td>
      <text>Очно - дистанционный</text>
    </td>
  </tr>
</tbody>