{
  "Информатика (лаб) первая пара": {
    "Формат обучения": "Очно - дистанционный",
    "Четность недели": "нечетная неделя",
    "Время": "11:40-13:10",
    "Неделя": [3, 5, 7, 9, 11, 13, 15, 17],
    "Аудитория": "2308 (бывш. 306) ауд.",
    "Корпус": "Кронверкский пр., д.49, лит.A",
    "Преподаватель": "Белозубов Александр Владимирович"
  },
  "Информатика (лаб) вторая пара": {
    "Формат обучения": "Очно - дистанционный",
    "Четность недели": "нечетная неделя",
    "Время": "13:30-15:00",
    "Неделя": [3, 5, 7, 9, 11, 13, 15, 17],
    "Аудитория": "2308 (бывш. 306) ауд.",
    "Корпус": "Кронверкский пр., д.49, лит.A",
    "Преподаватель": "Белозубов Александр Владимирович"
  },
  "Математика (продвинутый уровень) (практика) первая пара": {
    "Формат обучения": "Очный",
    "Четность недели": "Четная и нечетная",
    "Время": "17:00-18:30",
    "Неделя": [1, 2, 3, 4, 5, 6, 7, 8, 9, 10, 11, 12, 13, 14, 15, 16, 17],
    "Аудитория": "1316 (бывш. 359) ауд.",
    "Корпус": "Кронверкский пр., д.49, лит.A",
    "Преподаватель": "Резцова Ангелина Максимовна"
  },
  "Математика (продвинутый уровень) (практика) вторая пара": {
    "Формат обучения": "Очный",
    "Четность недели": "Четная и нечетная",
    "Время": "18:40-20:10",
    "Неделя": [1, 2, 3, 4, 5, 6, 7, 8, 9, 10, 11, 12, 13, 14, 15, 16, 17],
    "Аудитория": "1316 (бывш. 359) ауд.",
    "Корпус": "Кронверкский пр., д.49, лит.A",
    "Преподаватель": "Резцова Ангелина Максимовна"
  }
}
